{"rouge1": 0.18669689658761862, "rouge2": 0.030967491856440533, "rougeL": 0.11655618784992791, "rougeLsum": 0.1301225282058593}