{"rouge1": 0.32100686415143953, "rouge2": 0.07328670074282657, "rougeL": 0.17412468332800346, "rougeLsum": 0.2004299866200915}