{"rouge1": 0.3249149535596866, "rouge2": 0.0749446108012764, "rougeL": 0.17888771447409044, "rougeLsum": 0.2009406762907372}