{"rouge1": 0.37595597146723636, "rouge2": 0.10325661624678122, "rougeL": 0.1942054875189158, "rougeLsum": 0.20089605975017805}