{"rouge1": 0.18552327684154735, "rouge2": 0.028664708237789716, "rougeL": 0.11497666403567555, "rougeLsum": 0.12855208083606345}