{"rouge1": 0.3219377474864486, "rouge2": 0.07271011668462489, "rougeL": 0.17527667370280337, "rougeLsum": 0.20172313556723365}