{"rouge1": 0.3768816528352662, "rouge2": 0.10323199613648823, "rougeL": 0.19305551118575312, "rougeLsum": 0.20004383590557137}