{"rouge1": 0.31151235484480677, "rouge2": 0.06732930859939251, "rougeL": 0.17122848005629093, "rougeLsum": 0.19546332203224231}