{"rouge1": 0.32947678550051773, "rouge2": 0.0761298157769385, "rougeL": 0.17942696310850909, "rougeLsum": 0.2053551411488727}