{"rouge1": 0.35552857521966186, "rouge2": 0.09555397046480624, "rougeL": 0.1922925873871697, "rougeLsum": 0.19901318528952905}