{"rouge1": 0.38657903772776997, "rouge2": 0.10939438576045615, "rougeL": 0.196944165076552, "rougeLsum": 0.20317508350078028}