{"rouge1": 0.3010358314199436, "rouge2": 0.08235086433495756, "rougeL": 0.17025477637939085, "rougeLsum": 0.19474562752437918}