{"rouge1": 0.19784674887089734, "rouge2": 0.03465236126322238, "rougeL": 0.12236879897568159, "rougeLsum": 0.13602076986387562}