{"rouge1": 0.2830770388680861, "rouge2": 0.06809178031629125, "rougeL": 0.15064310900500796, "rougeLsum": 0.15674205786425582}