{"rouge1": 0.31321021871589844, "rouge2": 0.06799730615299715, "rougeL": 0.1717151114227009, "rougeLsum": 0.19683107045968187}