{"rouge1": 0.32525441440323466, "rouge2": 0.07350281045874907, "rougeL": 0.1740859228311175, "rougeLsum": 0.20420648489690862}