{"rouge1": 0.3127881292472973, "rouge2": 0.0747058095416952, "rougeL": 0.17325461710775297, "rougeLsum": 0.1986805658590931}