{"rouge1": 0.20613297829108612, "rouge2": 0.03104749549403464, "rougeL": 0.12498183770682944, "rougeLsum": 0.13673958626951283}