{"rouge1": 0.28415950252271405, "rouge2": 0.06089315226991131, "rougeL": 0.15049442696420906, "rougeLsum": 0.15575570898173685}