{"rouge1": 0.375350340954292, "rouge2": 0.10217275845461551, "rougeL": 0.19274725015223215, "rougeLsum": 0.19920801561056473}