{"rouge1": 0.37810472731159694, "rouge2": 0.10143957469944462, "rougeL": 0.19739090642739177, "rougeLsum": 0.2032954029586962}