{"rouge1": 0.3768305480410619, "rouge2": 0.10375350006455636, "rougeL": 0.19281764562672302, "rougeLsum": 0.19994265265927733}