{"rouge1": 0.21059469616422452, "rouge2": 0.02981907426949811, "rougeL": 0.12870007153942692, "rougeLsum": 0.14185338218951687}