{"rouge1": 0.30076514743170557, "rouge2": 0.06958087533420895, "rougeL": 0.16734611402028277, "rougeLsum": 0.19225921422380648}