{"rouge1": 0.32373286742914, "rouge2": 0.07558587975472418, "rougeL": 0.17919444391594502, "rougeLsum": 0.20221073398143008}