{"rouge1": 0.28710607474701855, "rouge2": 0.07197963321065254, "rougeL": 0.1545890557361579, "rougeLsum": 0.16080123565186755}