{"rouge1": 0.18974631960565969, "rouge2": 0.03219580378712561, "rougeL": 0.1183388163305248, "rougeLsum": 0.12700066327595913}