{"rouge1": 0.3261619269879197, "rouge2": 0.07471227681944928, "rougeL": 0.17461346957675516, "rougeLsum": 0.20509439119726208}