{"rouge1": 0.2940325386344451, "rouge2": 0.055182806504984264, "rougeL": 0.16727261290087042, "rougeLsum": 0.18468767592179114}