{"rouge1": 0.3123508679340171, "rouge2": 0.0673999660019812, "rougeL": 0.17182699697466364, "rougeLsum": 0.1955420348148074}