{"rouge1": 0.2788406574378707, "rouge2": 0.06562117689006784, "rougeL": 0.15369127071057237, "rougeLsum": 0.15923373663689505}