{"rouge1": 0.37584452485962616, "rouge2": 0.10311772054513302, "rougeL": 0.1943372545612443, "rougeLsum": 0.20118086560222237}