{"rouge1": 0.18954849434838505, "rouge2": 0.030507662619464262, "rougeL": 0.11929814975227293, "rougeLsum": 0.1303928962137204}